{
  "fraud_examples": [
    {
      "id": "fraud_1",
      "seed": 42,
      "data": {
        "Time": 28692.0,
        "V1": -29.2003285905744,
        "V2": 16.1557014298057,
        "V3": -30.0137124857248,
        "V4": 6.47673117996833,
        "V5": -21.2258096535165,
        "V6": -4.90299739658728,
        "V7": -19.791248405247,
        "V8": 19.1683273897301,
        "V9": -3.61724178604255,
        "V10": -7.87012194292549,
        "V11": 4.06625507293473,
        "V12": -5.66149242261771,
        "V13": 1.29295014454242,
        "V14": -5.07984568135779,
        "V15": -0.126522740416921,
        "V16": -5.24447151974264,
        "V17": -11.2749725851252,
        "V18": -4.67843652929376,
        "V19": 0.650807370688892,
        "V20": 1.71586182428358,
        "V21": 1.8093709332884,
        "V22": -2.17581520342142,
        "V23": -1.3651041075509,
        "V24": 0.174286359566544,
        "V25": 2.10386807204715,
        "V26": -0.209943999130567,
        "V27": 1.27868097084218,
        "V28": 0.372392714338541,
        "Amount": 99.99
      }
    },
    {
      "id": "fraud_2",
      "seed": 123,
      "data": {
        "Time": 70828.0,
        "V1": 0.196706751987779,
        "V2": 1.18975728641634,
        "V3": 0.704882217511495,
        "V4": 2.89138777331251,
        "V5": 0.0455553693851548,
        "V6": 1.24573045976205,
        "V7": -1.19871420021049,
        "V8": -2.42161641083942,
        "V9": -1.23208864617238,
        "V10": 0.324238886093679,
        "V11": -1.27393508028395,
        "V12": -0.868686295319925,
        "V13": -1.18194465496857,
        "V14": 1.0275841718551,
        "V15": 1.68813234484864,
        "V16": 0.256215978185418,
        "V17": 0.120608339589106,
        "V18": -0.0523460171330233,
        "V19": 0.329826631850516,
        "V20": 0.646616407050903,
        "V21": -1.32813178943378,
        "V22": 0.189310618105111,
        "V23": -0.005524183595721,
        "V24": -0.814707739467747,
        "V25": 0.400924279960331,
        "V26": 0.286281378755055,
        "V27": 0.135214945600326,
        "V28": 0.257314769060283,
        "Amount": 0.76
      }
    },
    {
      "id": "fraud_3",
      "seed": 456,
      "data": {
        "Time": 141925.0,
        "V1": 0.120301417641484,
        "V2": 1.974141135114,
        "V3": -0.434086817238467,
        "V4": 5.39079309979716,
        "V5": 1.2896837293754,
        "V6": 0.28059002412422,
        "V7": 0.22196254547878,
        "V8": 0.0678267548690214,
        "V9": -1.38705405307029,
        "V10": -0.0451253297662453,
        "V11": 0.195839103876469,
        "V12": -0.629085830718882,
        "V13": 0.681222338433862,
        "V14": -4.71552123988097,
        "V15": -0.2878762909762,
        "V16": 0.497433587465913,
        "V17": 3.87161756353604,
        "V18": 1.49239403735728,
        "V19": 0.506039978517755,
        "V20": 0.20569123217309,
        "V21": -0.0386896154666322,
        "V22": 0.204553809417386,
        "V23": -0.167312970794265,
        "V24": 0.791547134443901,
        "V25": -0.223675472406085,
        "V26": 0.473223170815404,
        "V27": -0.160201937224867,
        "V28": 0.0650394520642459,
        "Amount": 0.76
      }
    },
    {
      "id": "fraud_4",
      "seed": 789,
      "data": {
        "Time": 77182.0,
        "V1": -1.41085190223088,
        "V2": 2.26827061391536,
        "V3": -2.29755364869312,
        "V4": 1.87133052690782,
        "V5": 0.248957097554545,
        "V6": -1.20879869131782,
        "V7": -1.35864849113679,
        "V8": 1.10291613180529,
        "V9": -1.31736377078276,
        "V10": -4.62691916410905,
        "V11": 3.35763973653551,
        "V12": -2.99881490434833,
        "V13": -1.95678634545881,
        "V14": -6.76663337149207,
        "V15": -0.869899592420961,
        "V16": -0.868576751992314,
        "V17": -0.370333268936992,
        "V18": 0.419265507331837,
        "V19": -0.894893657235367,
        "V20": 0.0580625903425241,
        "V21": 0.155380926745126,
        "V22": -0.614880421672272,
        "V23": -0.196125537805858,
        "V24": -0.464375543427361,
        "V25": 0.118473100986687,
        "V26": -0.484537034984231,
        "V27": 0.373595915880442,
        "V28": 0.187657248903867,
        "Amount": 1.0
      }
    },
    {
      "id": "fraud_5",
      "seed": 999,
      "data": {
        "Time": 94141.0,
        "V1": -13.5120737201635,
        "V2": 8.21517673687939,
        "V3": -16.5826057272747,
        "V4": 6.20736889019759,
        "V5": -11.3184715177058,
        "V6": -2.99720698778128,
        "V7": -17.6404704062016,
        "V8": 0.0403490750758574,
        "V9": -5.62023218946632,
        "V10": -15.1237521803455,
        "V11": 5.93465734341534,
        "V12": -14.1750301634055,
        "V13": -0.169044491655796,
        "V14": -6.55255368427192,
        "V15": -1.57000723316824,
        "V16": -12.1725530183154,
        "V17": -20.1645422294456,
        "V18": -8.66881519685045,
        "V19": 2.55087034384644,
        "V20": 0.694574465326517,
        "V21": -0.907905601256761,
        "V22": 1.5140282763652,
        "V23": -0.141879203311202,
        "V24": 0.789185965955202,
        "V25": -0.0313427677694401,
        "V26": -0.255056581600699,
        "V27": -1.86583088908172,
        "V28": -0.442204311521227,
        "Amount": 45.48
      }
    }
  ],
  "normal_examples": [
    {
      "id": "normal_1",
      "seed": 42,
      "data": {
        "Time": 82450.0,
        "V1": 1.31453919005614,
        "V2": 0.590642763250075,
        "V3": -0.66659342070355,
        "V4": 0.716564340123453,
        "V5": 0.301977869959298,
        "V6": -1.12546746514505,
        "V7": 0.388880528388934,
        "V8": -0.288389638013591,
        "V9": -0.132137450666675,
        "V10": -0.597738927671465,
        "V11": -0.325346640449052,
        "V12": -0.21643537583917,
        "V13": 0.0842040799280351,
        "V14": -1.0546305617385,
        "V15": 0.967932032509217,
        "V16": 0.601226266062646,
        "V17": 0.631116638308353,
        "V18": 0.29507796789341,
        "V19": -0.136150702482415,
        "V20": -0.0580404050390117,
        "V21": -0.170307279387637,
        "V22": -0.429655035253663,
        "V23": -0.141340683112249,
        "V24": -0.200194626075649,
        "V25": 0.639491494374774,
        "V26": 0.399475692421549,
        "V27": -0.0343210089575542,
        "V28": 0.0316924132520412,
        "Amount": 0.76
      }
    },
    {
      "id": "normal_2",
      "seed": 123,
      "data": {
        "Time": 85380.0,
        "V1": -1.33788545290906,
        "V2": 0.261692199948631,
        "V3": 2.64653610688233,
        "V4": -1.97301411011363,
        "V5": -0.933318029718259,
        "V6": -1.12383925546915,
        "V7": 0.277758688171168,
        "V8": -0.0393856813148986,
        "V9": 1.11122616205188,
        "V10": -1.60964782044736,
        "V11": 0.226404629323541,
        "V12": 1.09989164424547,
        "V13": 1.18251308328346,
        "V14": -0.545792293358492,
        "V15": 1.38343538671914,
        "V16": 0.0856342608737728,
        "V17": -0.720204243907443,
        "V18": 0.47416437612418,
        "V19": -0.859268273540074,
        "V20": 0.0996474000126718,
        "V21": 0.33207553519275,
        "V22": 1.1246207638879,
        "V23": -0.312252982687507,
        "V24": 0.968526618841233,
        "V25": 0.570910353054992,
        "V26": -0.704899664327748,
        "V27": 0.253527033851151,
        "V28": 0.16934672673501,
        "Amount": 72.64
      }
    },
    {
      "id": "normal_3",
      "seed": 456,
      "data": {
        "Time": 166656.0,
        "V1": 2.0494495223099,
        "V2": -1.10824079584351,
        "V3": -0.0214293446536556,
        "V4": -0.531057731029789,
        "V5": -1.31383649998024,
        "V6": 0.134993881097208,
        "V7": -1.38924520841572,
        "V8": 0.173042387163378,
        "V9": 0.0790620348446565,
        "V10": 0.953203637301394,