{
    "LR_Baseline": {
        "precision": 0.8169014084507042,
        "recall": 0.6236559139784946,
        "f1_score": 0.7073170731707317,
        "f2_score": 0.654627539503386,
        "mcc": 0.7133688069073314,
        "cohen_kappa": 0.7069026922101321,
        "balanced_accuracy": 0.8117136471568431,
        "roc_auc": 0.9848127710840184,
        "pr_auc": 0.721263902837974
    },
    "LR_ClassWeights": {
        "precision": 0.060124395300621976,
        "recall": 0.9354838709677419,
        "f1_score": 0.11298701298701298,
        "f2_score": 0.23914238592633316,
        "mcc": 0.23389926688480203,
        "cohen_kappa": 0.11025686669975954,
        "balanced_accuracy": 0.9557833684015855,
        "roc_auc": 0.9907081895951012,
        "pr_auc": 0.689561845657537
    },
    "RF_Baseline": {
        "precision": 0.9367088607594937,
        "recall": 0.7956989247311828,
        "f1_score": 0.8604651162790697,
        "f2_score": 0.8203991130820399,
        "mcc": 0.8631280847584011,
        "cohen_kappa": 0.860255508785862,
        "balanced_accuracy": 0.8978054970454359,
        "roc_auc": 0.9339259858490291,
        "pr_auc": 0.8488409695022191
    },
    "RF_ClassWeights": {
        "precision": 0.96,
        "recall": 0.7741935483870968,
        "f1_score": 0.8571428571428571,
        "f2_score": 0.8053691275167785,
        "mcc": 0.8619102922894112,
        "cohen_kappa": 0.8569342827341386,
        "balanced_accuracy": 0.8870703950014551,
        "roc_auc": 0.9393432696847867,
        "pr_auc": 0.8460418103217767
    },
    "XGB_Baseline": {
        "precision": 0.925,
        "recall": 0.7956989247311828,
        "f1_score": 0.8554913294797688,
        "f2_score": 0.8185840707964602,
        "mcc": 0.8577051511933547,
        "cohen_kappa": 0.855272771033982,
        "balanced_accuracy": 0.8977967039814048,
        "roc_auc": 0.9801486651845154,
        "pr_auc": 0.8505874831517938
    },
    "XGB_ScalePosWeight": {
        "precision": 0.7079646017699115,
        "recall": 0.8602150537634409,
        "f1_score": 0.7766990291262136,
        "f2_score": 0.8247422680412371,
        "mcc": 0.7799963767053063,
        "cohen_kappa": 0.7762982971704548,
        "balanced_accuracy": 0.9298173557686944,
        "roc_auc": 0.9837177982394585,
        "pr_auc": 0.8668399119044093
    },
    "LGBM_ClassWeights": {
        "precision": 0.8404255319148937,
        "recall": 0.8494623655913979,
        "f1_score": 0.8449197860962567,
        "f2_score": 0.8476394849785408,
        "mcc": 0.8446769096484787,
        "cohen_kappa": 0.8446647923013089,
        "balanced_accuracy": 0.9245992868352326,
        "roc_auc": 0.9888950219722596,
        "pr_auc": 0.8796355250395056
    },
    "BalancedBagging_Hybrid": {
        "precision": 0.08201581027667984,
        "recall": 0.8924731182795699,
        "f1_score": 0.1502262443438914,
        "f2_score": 0.29985549132947975,
        "mcc": 0.2677692330826567,
        "cohen_kappa": 0.1476770916011737,
        "balanced_accuracy": 0.9380678026549002,
        "roc_auc": 0.9758963205092639,
        "pr_auc": 0.5845941170692586
    },
    "EasyEnsemble": {
        "precision": 0.038869257950530034,
        "recall": 0.946236559139785,
        "f1_score": 0.07467119219346627,
        "f2_score": 0.1669195751138088,
        "mcc": 0.18764082550534694,
        "cohen_kappa": 0.07175946399166644,
        "balanced_accuracy": 0.9539845722382356,
        "roc_auc": 0.9920809476237832,
        "pr_auc": 0.7114700325669914
    },
    "Voting_LGBM_XGB_RF": {
        "precision": 0.8586956521739131,
        "recall": 0.8494623655913979,
        "f1_score": 0.8540540540540541,
        "f2_score": 0.8512931034482759,
        "mcc": 0.8538291648308418,
        "cohen_kappa": 0.8538166503608261,
        "balanced_accuracy": 0.9246168729632948,
        "roc_auc": 0.989567265899798,
        "pr_auc": 0.8723908425298084
    },
    "XGB_Calibrated_Isotonic": {
        "precision": 0.9024390243902439,
        "recall": 0.7956989247311828,
        "f1_score": 0.8457142857142858,
        "f2_score": 0.8149779735682819,
        "mcc": 0.8471582051179741,
        "cohen_kappa": 0.8454778353159068,
        "balanced_accuracy": 0.8977791178533426,
        "roc_auc": 0.9855291694298635,
        "pr_auc": 0.8787778767169605
    },
    "XGB_Calibrated_Sigmoid": {
        "precision": 0.8191489361702128,
        "recall": 0.8279569892473119,
        "f1_score": 0.8235294117647058,
        "f2_score": 0.8261802575107297,
        "mcc": 0.8232510563935496,
        "cohen_kappa": 0.8232392464118342,
        "balanced_accuracy": 0.9138290125351274,
        "roc_auc": 0.9817225290970053,
        "pr_auc": 0.8790907551410755
    },
    "RF_Calibrated_Isotonic": {
        "precision": 0.9358974358974359,
        "recall": 0.7849462365591398,
        "f1_score": 0.8538011695906432,
        "f2_score": 0.8111111111111111,
        "mcc": 0.8568960826610468,
        "cohen_kappa": 0.8535830657746123,
        "balanced_accuracy": 0.8924291529594144,
        "roc_auc": 0.9588007130513087,
        "pr_auc": 0.8495018965872684
    },
    "LGBM_Calibrated_Isotonic": {
        "precision": 0.9069767441860465,
        "recall": 0.8387096774193549,
        "f1_score": 0.8715083798882681,
        "f2_score": 0.851528384279476,
        "mcc": 0.8719755675323883,
        "cohen_kappa": 0.8713064616143937,
        "balanced_accuracy": 0.9192844941974287,
        "roc_auc": 0.9887655842877591,
        "pr_auc": 0.8807249540892363
    },
    "XGB_Optimized": {
        "precision": 0.7692307692307693,
        "recall": 0.8602150537634409,
        "f1_score": 0.8121827411167513,
        "f2_score": 0.8403361344537815,
        "mcc": 0.8131313651027414,
        "cohen_kappa": 0.8118583824926873,
        "balanced_accuracy": 0.9298964933449743,
        "roc_auc": 0.9837177982394585,
        "pr_auc": 0.8668399119044093
    },
    "RF_Optimized": {
        "precision": 0.7788461538461539,
        "recall": 0.8709677419354839,
        "f1_score": 0.8223350253807107,
        "f2_score": 0.8508403361344538,
        "mcc": 0.8233171283966372,
        "cohen_kappa": 0.8220281996552448,
        "balanced_accuracy": 0.9352816304950269,
        "roc_auc": 0.9339259858490291,
        "pr_auc": 0.8488409695022191
    },
    "LGBM_Optimized_F2": {
        "precision": 0.9629629629629629,
        "recall": 0.8387096774193549,
        "f1_score": 0.896551724137931,
        "f2_score": 0.8609271523178808,
        "mcc": 0.8985401312245951,
        "cohen_kappa": 0.8963942195459289,
        "balanced_accuracy": 0.9193284595175841,
        "roc_auc": 0.9887655842877591,
        "pr_auc": 0.8807249540892363
    }
}