{
    "LR_ClassWeights": {
        "precision_mean": 0.0567886518339306,
        "precision_std": 0.006127766887382689,
        "recall_mean": 0.897873873873874,
        "recall_std": 0.02768787268768846,
        "f1_mean": 0.1067311694124532,
        "f1_std": 0.010788806436486668,
        "pr_auc_mean": 0.7169999559364593,
        "pr_auc_std": 0.020934725378992252,
        "roc_auc_mean": 0.9715346499870877,
        "roc_auc_std": 0.017109951719590212
    },
    "RF_Baseline": {
        "precision_mean": 0.9305339105339104,
        "precision_std": 0.036680245175475926,
        "recall_mean": 0.7553513513513513,
        "recall_std": 0.04874656812104065,
        "f1_mean": 0.8319341725139751,
        "f1_std": 0.021526333719542864,
        "pr_auc_mean": 0.8257314386292947,
        "pr_auc_std": 0.01649667783193722,
        "roc_auc_mean": 0.9445512166137311,
        "roc_auc_std": 0.01914916847018157
    },
    "XGB_ScalePosWeight": {
        "precision_mean": 0.8874525549744806,
        "precision_std": 0.03595844609880188,
        "recall_mean": 0.7985225225225225,
        "recall_std": 0.0546492635033714,
        "f1_mean": 0.8382865340467334,
        "f1_std": 0.01573043189017093,
        "pr_auc_mean": 0.8257073840635106,
        "pr_auc_std": 0.013441076167161005,
        "roc_auc_mean": 0.9757689673578491,
        "roc_auc_std": 0.01337266346726712
    },
    "LGBM_ClassWeights": {
        "precision_mean": 0.8853594556231762,
        "precision_std": 0.025577918227834735,
        "recall_mean": 0.7957837837837838,
        "recall_std": 0.05045477458946248,
        "f1_mean": 0.8367087057870739,
        "f1_std": 0.020979182934280385,
        "pr_auc_mean": 0.8341460849480054,
        "pr_auc_std": 0.010729369940296244,
        "roc_auc_mean": 0.9713320040554985,
        "roc_auc_std": 0.011580832133242088
    }
}